Epoch,Train Loss,Validation Loss
1,0.16940307363014048,0.004712180505616982
